<beans xmlns="http://www.springframework.org/schema/beans"
    xmlns:xsi="http://www.w3.org/2001/XMLSchema-instance"
    xmlns:context="http://www.springframework.org/schema/context"
    xmlns:mvc ="http://www.springframework.org/schema/mvc"
    xsi:schemaLocation="http://www.springframework.org/schema/beans
    http://www.springframework.org/schema/beans/spring-beans-3.2.xsd
    http://www.springframework.org/schema/context
    http://www.springframework.org/schema/context/spring-context-3.2.xsd
    http://www.springframework.org/schema/mvc
    http://www.springframework.org/schema/mvc/spring-mvc-3.2.xsd">  

<context:component-scan base-package="com.webapp.productcontroller"/>
<mvc:interceptors>
<mvc:interceptor>
<mvc:mapping path="/**"/>
 <mvc:exclude-mapping path="/login"/>
 <mvc:exclude-mapping path="/submitLoginForm.html"/>
<bean class= "com.webapp.productcontroller.ProductInterceptor"></bean>
</mvc:interceptor>
</mvc:interceptors>

<mvc:annotation-driven/>
 <bean id="viewResolver"
    	class="org.springframework.web.servlet.view.InternalResourceViewResolver" >
        <property name="prefix">
            <value>/WEB-INF/</value>
        </property>
        <property name="suffix">
            <value>.jsp</value>
        </property>
 </bean>

</beans>